{
    "avg_dispo_metrics": {
        "durchschnittliche_rendite": 0.18579751771986291,
        "effektive_rendite": 0.1490427474011451,
        "sharpe_ratio": 1.813735802213874,
        "max_drawdown": -0.2825750577506219,
        "sigma_daily": 0.027715775852757286,
        "performance_gap": 0.006980273234322487,
        "winner_quote": 1.0
    },
    "avg_normal_metrics": {
        "durchschnittliche_rendite": 0.17530398859026947,
        "effektive_rendite": 0.1420624741668226,
        "sharpe_ratio": 1.3155287952548207,
        "max_drawdown": -0.4702336141142591,
        "sigma_daily": 0.043298084831066286,
        "performance_gap": -0.006980273234322487,
        "winner_quote": 0
    },
    "data": [
        {
            "start_year": 2020,
            "end_year": 2024,
            "normal_metrics": {
                "start_amount": 1000,
                "end_amount": 1701.2159543610778,
                "sigma_daily": 0.043298084831066286,
                "sharpe_ratio": 1.3155287952548207,
                "max_drawdown": -0.4702336141142591,
                "result": {
                    "durchschnittliche_rendite": 0.17530398859026947,
                    "effektive_rendite": 0.1420624741668226,
                    "sharpe_ratio": 1.3155287952548207,
                    "max_drawdown": -0.4702336141142591,
                    "sigma_daily": 0.043298084831066286
                }
            },
            "dispo_metrics": {
                "start_amount": 1000,
                "end_amount": 1743.1900708794517,
                "sigma_daily": 0.027715775852757286,
                "sharpe_ratio": 1.813735802213874,
                "max_drawdown": -0.2825750577506219,
                "result": {
                    "durchschnittliche_rendite": 0.18579751771986291,
                    "effektive_rendite": 0.1490427474011451,
                    "sharpe_ratio": 1.813735802213874,
                    "max_drawdown": -0.2825750577506219,
                    "sigma_daily": 0.027715775852757286
                }
            },
            "performance_gap": 0.006980273234322487,
            "winner": "dispo",
            "name": "AA-20 DG-5 freq_5 str KGV"
        }
    ]
}