{
    "avg_dispo_metrics": {
        "durchschnittliche_rendite": 0.24066344937626571,
        "effektive_rendite": 0.18361626561154498,
        "sharpe_ratio": 4.887879298942749,
        "max_drawdown": -0.1677698986121845,
        "sigma_daily": 0.040868762342953446,
        "performance_gap": 0.04663996661211245,
        "winner_quote": 1.0
    },
    "avg_normal_metrics": {
        "durchschnittliche_rendite": 0.16777808534185135,
        "effektive_rendite": 0.13697629899943253,
        "sharpe_ratio": 2.60857380900513,
        "max_drawdown": -0.4286211583411813,
        "sigma_daily": 0.08434401332332625,
        "performance_gap": -0.04663996661211245,
        "winner_quote": 0
    },
    "data": [
        {
            "start_year": 2020,
            "end_year": 2024,
            "normal_metrics": {
                "start_amount": 1000,
                "end_amount": 1671.1123413674054,
                "sigma_daily": 0.08434401332332625,
                "sharpe_ratio": 2.60857380900513,
                "max_drawdown": -0.4286211583411813,
                "result": {
                    "durchschnittliche_rendite": 0.16777808534185135,
                    "effektive_rendite": 0.13697629899943253,
                    "sharpe_ratio": 2.60857380900513,
                    "max_drawdown": -0.4286211583411813,
                    "sigma_daily": 0.08434401332332625
                }
            },
            "dispo_metrics": {
                "start_amount": 1000,
                "end_amount": 1962.6537975050628,
                "sigma_daily": 0.040868762342953446,
                "sharpe_ratio": 4.887879298942749,
                "max_drawdown": -0.1677698986121845,
                "result": {
                    "durchschnittliche_rendite": 0.24066344937626571,
                    "effektive_rendite": 0.18361626561154498,
                    "sharpe_ratio": 4.887879298942749,
                    "max_drawdown": -0.1677698986121845,
                    "sigma_daily": 0.040868762342953446
                }
            },
            "performance_gap": 0.04663996661211245,
            "winner": "dispo",
            "name": "AA-20 DG-5 freq_20 str KGV"
        }
    ]
}