{
    "avg_dispo_metrics": {
        "durchschnittliche_rendite": 0.6151081130415117,
        "effektive_rendite": 0.3639002030956022,
        "sharpe_ratio": 2.577240238419593,
        "max_drawdown": -0.21127464489398984,
        "sigma_daily": 0.03273062830080473,
        "performance_gap": 0.05643582779705758,
        "winner_quote": 1.0
    },
    "avg_normal_metrics": {
        "durchschnittliche_rendite": 0.48056601630433476,
        "effektive_rendite": 0.30746437529854465,
        "sharpe_ratio": 2.4185721892184873,
        "max_drawdown": -0.4169690050055942,
        "sigma_daily": 0.04045136553528196,
        "performance_gap": -0.05643582779705758,
        "winner_quote": 0
    },
    "data": [
        {
            "start_year": 2020,
            "end_year": 2024,
            "normal_metrics": {
                "start_amount": 1000,
                "end_amount": 2922.264065217339,
                "sigma_daily": 0.04045136553528196,
                "sharpe_ratio": 2.4185721892184873,
                "max_drawdown": -0.4169690050055942,
                "result": {
                    "durchschnittliche_rendite": 0.48056601630433476,
                    "effektive_rendite": 0.30746437529854465,
                    "sharpe_ratio": 2.4185721892184873,
                    "max_drawdown": -0.4169690050055942,
                    "sigma_daily": 0.04045136553528196
                }
            },
            "dispo_metrics": {
                "start_amount": 1000,
                "end_amount": 3460.432452166047,
                "sigma_daily": 0.03273062830080473,
                "sharpe_ratio": 2.577240238419593,
                "max_drawdown": -0.21127464489398984,
                "result": {
                    "durchschnittliche_rendite": 0.6151081130415117,
                    "effektive_rendite": 0.3639002030956022,
                    "sharpe_ratio": 2.577240238419593,
                    "max_drawdown": -0.21127464489398984,
                    "sigma_daily": 0.03273062830080473
                }
            },
            "performance_gap": 0.05643582779705758,
            "winner": "dispo",
            "name": "AA-20 DG-5 freq_5 str Growth"
        }
    ]
}