{
    "avg_dispo_metrics": {
        "durchschnittliche_rendite": 0.5706509013269189,
        "effektive_rendite": 0.34602960045829945,
        "sharpe_ratio": 4.355624594397474,
        "max_drawdown": -0.1773458078293646,
        "sigma_daily": 0.05926476434023561,
        "performance_gap": 0.08678068694902619,
        "winner_quote": 1.0
    },
    "avg_normal_metrics": {
        "durchschnittliche_rendite": 0.37861732749759436,
        "effektive_rendite": 0.25924891350927326,
        "sharpe_ratio": 4.074488503793537,
        "max_drawdown": -0.44781177512177683,
        "sigma_daily": 0.08637896239430835,
        "performance_gap": -0.08678068694902619,
        "winner_quote": 0
    },
    "data": [
        {
            "start_year": 2020,
            "end_year": 2024,
            "normal_metrics": {
                "start_amount": 1000,
                "end_amount": 2514.4693099903775,
                "sigma_daily": 0.08637896239430835,
                "sharpe_ratio": 4.074488503793537,
                "max_drawdown": -0.44781177512177683,
                "result": {
                    "durchschnittliche_rendite": 0.37861732749759436,
                    "effektive_rendite": 0.25924891350927326,
                    "sharpe_ratio": 4.074488503793537,
                    "max_drawdown": -0.44781177512177683,
                    "sigma_daily": 0.08637896239430835
                }
            },
            "dispo_metrics": {
                "start_amount": 1000,
                "end_amount": 3282.6036053076755,
                "sigma_daily": 0.05926476434023561,
                "sharpe_ratio": 4.355624594397474,
                "max_drawdown": -0.1773458078293646,
                "result": {
                    "durchschnittliche_rendite": 0.5706509013269189,
                    "effektive_rendite": 0.34602960045829945,
                    "sharpe_ratio": 4.355624594397474,
                    "max_drawdown": -0.1773458078293646,
                    "sigma_daily": 0.05926476434023561
                }
            },
            "performance_gap": 0.08678068694902619,
            "winner": "dispo",
            "name": "AA-20 DG-5 freq_20 str Growth"
        }
    ]
}