{
    "avg_dispo_metrics": {
        "durchschnittliche_rendite": 0.5439533334043825,
        "effektive_rendite": 0.33494613390313055,
        "sharpe_ratio": 1.0448442906629483,
        "max_drawdown": -0.48906413883986777,
        "sigma_daily": 0.02070181295209203,
        "performance_gap": -0.04060315974914297,
        "winner_quote": 0.0
    },
    "avg_normal_metrics": {
        "durchschnittliche_rendite": 0.6450445274812712,
        "effektive_rendite": 0.3755492936522735,
        "sharpe_ratio": 1.1411212489628055,
        "max_drawdown": -0.3230403882965512,
        "sigma_daily": 0.020620515946994603,
        "performance_gap": 0.04060315974914297,
        "winner_quote": 1
    },
    "data": [
        {
            "start_year": 2020,
            "end_year": 2024,
            "normal_metrics": {
                "start_amount": 1000,
                "end_amount": 3580.1781099250848,
                "sigma_daily": 0.020620515946994603,
                "sharpe_ratio": 1.1411212489628055,
                "max_drawdown": -0.3230403882965512,
                "result": {
                    "durchschnittliche_rendite": 0.6450445274812712,
                    "effektive_rendite": 0.3755492936522735,
                    "sharpe_ratio": 1.1411212489628055,
                    "max_drawdown": -0.3230403882965512,
                    "sigma_daily": 0.020620515946994603
                }
            },
            "dispo_metrics": {
                "start_amount": 1000,
                "end_amount": 3175.8133336175297,
                "sigma_daily": 0.02070181295209203,
                "sharpe_ratio": 1.0448442906629483,
                "max_drawdown": -0.48906413883986777,
                "result": {
                    "durchschnittliche_rendite": 0.5439533334043825,
                    "effektive_rendite": 0.33494613390313055,
                    "sharpe_ratio": 1.0448442906629483,
                    "max_drawdown": -0.48906413883986777,
                    "sigma_daily": 0.02070181295209203
                }
            },
            "performance_gap": -0.04060315974914297,
            "winner": "normal",
            "name": "AA-10 DG-0 freq_1 str Growth"
        }
    ]
}