{
    "avg_dispo_metrics": {
        "durchschnittliche_rendite": 0.23878043825041198,
        "effektive_rendite": 0.18247904147075844,
        "sharpe_ratio": 2.3166746371252787,
        "max_drawdown": -0.2125604670790649,
        "sigma_daily": 0.028577673400721686,
        "performance_gap": 0.029893558009880472,
        "winner_quote": 1.0
    },
    "avg_normal_metrics": {
        "durchschnittliche_rendite": 0.19119704036814245,
        "effektive_rendite": 0.15258548346087797,
        "sharpe_ratio": 1.2846666137984675,
        "max_drawdown": -0.5490690470155698,
        "sigma_daily": 0.05154102627297769,
        "performance_gap": -0.029893558009880472,
        "winner_quote": 0
    },
    "data": [
        {
            "start_year": 2020,
            "end_year": 2024,
            "normal_metrics": {
                "start_amount": 1000,
                "end_amount": 1764.7881614725698,
                "sigma_daily": 0.05154102627297769,
                "sharpe_ratio": 1.2846666137984675,
                "max_drawdown": -0.5490690470155698,
                "result": {
                    "durchschnittliche_rendite": 0.19119704036814245,
                    "effektive_rendite": 0.15258548346087797,
                    "sharpe_ratio": 1.2846666137984675,
                    "max_drawdown": -0.5490690470155698,
                    "sigma_daily": 0.05154102627297769
                }
            },
            "dispo_metrics": {
                "start_amount": 1000,
                "end_amount": 1955.121753001648,
                "sigma_daily": 0.028577673400721686,
                "sharpe_ratio": 2.3166746371252787,
                "max_drawdown": -0.2125604670790649,
                "result": {
                    "durchschnittliche_rendite": 0.23878043825041198,
                    "effektive_rendite": 0.18247904147075844,
                    "sharpe_ratio": 2.3166746371252787,
                    "max_drawdown": -0.2125604670790649,
                    "sigma_daily": 0.028577673400721686
                }
            },
            "performance_gap": 0.029893558009880472,
            "winner": "dispo",
            "name": "AA-10 DG-0 freq_5 str KGV"
        }
    ]
}