{
    "avg_dispo_metrics": {
        "durchschnittliche_rendite": 0.5094674113192652,
        "effektive_rendite": 0.3202077674495196,
        "sharpe_ratio": 4.010631968818483,
        "max_drawdown": -0.4550744451896596,
        "sigma_daily": 0.10257947702955462,
        "performance_gap": -0.008971621568856891,
        "winner_quote": 0.0
    },
    "avg_normal_metrics": {
        "durchschnittliche_rendite": 0.5303229887793929,
        "effektive_rendite": 0.3291793890183765,
        "sharpe_ratio": 4.755899454564367,
        "max_drawdown": -0.37088968236410486,
        "sigma_daily": 0.08955941239949232,
        "performance_gap": 0.008971621568856891,
        "winner_quote": 1
    },
    "data": [
        {
            "start_year": 2020,
            "end_year": 2024,
            "normal_metrics": {
                "start_amount": 1000,
                "end_amount": 3121.2919551175714,
                "sigma_daily": 0.08955941239949232,
                "sharpe_ratio": 4.755899454564367,
                "max_drawdown": -0.37088968236410486,
                "result": {
                    "durchschnittliche_rendite": 0.5303229887793929,
                    "effektive_rendite": 0.3291793890183765,
                    "sharpe_ratio": 4.755899454564367,
                    "max_drawdown": -0.37088968236410486,
                    "sigma_daily": 0.08955941239949232
                }
            },
            "dispo_metrics": {
                "start_amount": 1000,
                "end_amount": 3037.869645277061,
                "sigma_daily": 0.10257947702955462,
                "sharpe_ratio": 4.010631968818483,
                "max_drawdown": -0.4550744451896596,
                "result": {
                    "durchschnittliche_rendite": 0.5094674113192652,
                    "effektive_rendite": 0.3202077674495196,
                    "sharpe_ratio": 4.010631968818483,
                    "max_drawdown": -0.4550744451896596,
                    "sigma_daily": 0.10257947702955462
                }
            },
            "performance_gap": -0.008971621568856891,
            "winner": "normal",
            "name": "AA-10 DG-0 freq_20 str Growth"
        }
    ]
}