{
    "avg_dispo_metrics": {
        "durchschnittliche_rendite": 0.5528293950262676,
        "effektive_rendite": 0.3386616263058202,
        "sharpe_ratio": 2.587914030307218,
        "max_drawdown": -0.4492214611394376,
        "sigma_daily": 0.04069282276775394,
        "performance_gap": -0.03954666395950346,
        "winner_quote": 0.0
    },
    "avg_normal_metrics": {
        "durchschnittliche_rendite": 0.651985260204508,
        "effektive_rendite": 0.37820829026532365,
        "sharpe_ratio": 2.9230401399026333,
        "max_drawdown": -0.2992163401123688,
        "sigma_daily": 0.03883882051276101,
        "performance_gap": 0.03954666395950346,
        "winner_quote": 1
    },
    "data": [
        {
            "start_year": 2020,
            "end_year": 2024,
            "normal_metrics": {
                "start_amount": 1000,
                "end_amount": 3607.941040818032,
                "sigma_daily": 0.03883882051276101,
                "sharpe_ratio": 2.9230401399026333,
                "max_drawdown": -0.2992163401123688,
                "result": {
                    "durchschnittliche_rendite": 0.651985260204508,
                    "effektive_rendite": 0.37820829026532365,
                    "sharpe_ratio": 2.9230401399026333,
                    "max_drawdown": -0.2992163401123688,
                    "sigma_daily": 0.03883882051276101
                }
            },
            "dispo_metrics": {
                "start_amount": 1000,
                "end_amount": 3211.31758010507,
                "sigma_daily": 0.04069282276775394,
                "sharpe_ratio": 2.587914030307218,
                "max_drawdown": -0.4492214611394376,
                "result": {
                    "durchschnittliche_rendite": 0.5528293950262676,
                    "effektive_rendite": 0.3386616263058202,
                    "sharpe_ratio": 2.587914030307218,
                    "max_drawdown": -0.4492214611394376,
                    "sigma_daily": 0.04069282276775394
                }
            },
            "performance_gap": -0.03954666395950346,
            "winner": "normal",
            "name": "AA-10 DG-0 freq_5 str Growth"
        }
    ]
}