{
    "avg_dispo_metrics": {
        "durchschnittliche_rendite": 0.2296573068084138,
        "effektive_rendite": 0.1769222245849973,
        "sharpe_ratio": 0.9820314192221167,
        "max_drawdown": -0.21498481390152585,
        "sigma_daily": 0.013938535588377737,
        "performance_gap": 0.01321092726364892,
        "winner_quote": 1.0
    },
    "avg_normal_metrics": {
        "durchschnittliche_rendite": 0.20848064938068164,
        "effektive_rendite": 0.16371129732134837,
        "sharpe_ratio": 0.5919066595371969,
        "max_drawdown": -0.5774062763704554,
        "sigma_daily": 0.023792209558839976,
        "performance_gap": -0.01321092726364892,
        "winner_quote": 0
    },
    "data": [
        {
            "start_year": 2020,
            "end_year": 2024,
            "normal_metrics": {
                "start_amount": 1000,
                "end_amount": 1833.9225975227266,
                "sigma_daily": 0.023792209558839976,
                "sharpe_ratio": 0.5919066595371969,
                "max_drawdown": -0.5774062763704554,
                "result": {
                    "durchschnittliche_rendite": 0.20848064938068164,
                    "effektive_rendite": 0.16371129732134837,
                    "sharpe_ratio": 0.5919066595371969,
                    "max_drawdown": -0.5774062763704554,
                    "sigma_daily": 0.023792209558839976
                }
            },
            "dispo_metrics": {
                "start_amount": 1000,
                "end_amount": 1918.6292272336552,
                "sigma_daily": 0.013938535588377737,
                "sharpe_ratio": 0.9820314192221167,
                "max_drawdown": -0.21498481390152585,
                "result": {
                    "durchschnittliche_rendite": 0.2296573068084138,
                    "effektive_rendite": 0.1769222245849973,
                    "sharpe_ratio": 0.9820314192221167,
                    "max_drawdown": -0.21498481390152585,
                    "sigma_daily": 0.013938535588377737
                }
            },
            "performance_gap": 0.01321092726364892,
            "winner": "dispo",
            "name": "AA-10 DG-2 freq_1 str KGV"
        }
    ]
}