{
    "avg_dispo_metrics": {
        "durchschnittliche_rendite": 0.14499422891406238,
        "effektive_rendite": 0.1211473259590834,
        "sharpe_ratio": 1.7889275687355055,
        "max_drawdown": -0.27693980933640516,
        "sigma_daily": 0.026834825583743664,
        "performance_gap": -0.03143815750179457,
        "winner_quote": 0.0
    },
    "avg_normal_metrics": {
        "durchschnittliche_rendite": 0.19119704036814245,
        "effektive_rendite": 0.15258548346087797,
        "sharpe_ratio": 1.2846666137984675,
        "max_drawdown": -0.5490690470155698,
        "sigma_daily": 0.05154102627297769,
        "performance_gap": 0.03143815750179457,
        "winner_quote": 1
    },
    "data": [
        {
            "start_year": 2020,
            "end_year": 2024,
            "normal_metrics": {
                "start_amount": 1000,
                "end_amount": 1764.7881614725698,
                "sigma_daily": 0.05154102627297769,
                "sharpe_ratio": 1.2846666137984675,
                "max_drawdown": -0.5490690470155698,
                "result": {
                    "durchschnittliche_rendite": 0.19119704036814245,
                    "effektive_rendite": 0.15258548346087797,
                    "sharpe_ratio": 1.2846666137984675,
                    "max_drawdown": -0.5490690470155698,
                    "sigma_daily": 0.05154102627297769
                }
            },
            "dispo_metrics": {
                "start_amount": 1000,
                "end_amount": 1579.9769156562495,
                "sigma_daily": 0.026834825583743664,
                "sharpe_ratio": 1.7889275687355055,
                "max_drawdown": -0.27693980933640516,
                "result": {
                    "durchschnittliche_rendite": 0.14499422891406238,
                    "effektive_rendite": 0.1211473259590834,
                    "sharpe_ratio": 1.7889275687355055,
                    "max_drawdown": -0.27693980933640516,
                    "sigma_daily": 0.026834825583743664
                }
            },
            "performance_gap": -0.03143815750179457,
            "winner": "normal",
            "name": "AA-10 DG-2 freq_5 str KGV"
        }
    ]
}