{
    "avg_dispo_metrics": {
        "durchschnittliche_rendite": 0.18925360321367554,
        "effektive_rendite": 0.15131412005747813,
        "sharpe_ratio": 0.5294489966672425,
        "max_drawdown": -0.6810643090895372,
        "sigma_daily": 0.03614646418874009,
        "performance_gap": -0.12497801470837278,
        "winner_quote": 0.0
    },
    "avg_normal_metrics": {
        "durchschnittliche_rendite": 0.4133464055406034,
        "effektive_rendite": 0.2762921347658509,
        "sharpe_ratio": 0.7228192672267573,
        "max_drawdown": -0.6636392313671797,
        "sigma_daily": 0.03381269483646702,
        "performance_gap": 0.12497801470837278,
        "winner_quote": 1
    },
    "data": [
        {
            "start_year": 2020,
            "end_year": 2024,
            "normal_metrics": {
                "start_amount": 1000,
                "end_amount": 2653.3856221624137,
                "sigma_daily": 0.03381269483646702,
                "sharpe_ratio": 0.7228192672267573,
                "max_drawdown": -0.6636392313671797,
                "result": {
                    "durchschnittliche_rendite": 0.4133464055406034,
                    "effektive_rendite": 0.2762921347658509,
                    "sharpe_ratio": 0.7228192672267573,
                    "max_drawdown": -0.6636392313671797,
                    "sigma_daily": 0.03381269483646702
                }
            },
            "dispo_metrics": {
                "start_amount": 1000,
                "end_amount": 1757.0144128547022,
                "sigma_daily": 0.03614646418874009,
                "sharpe_ratio": 0.5294489966672425,
                "max_drawdown": -0.6810643090895372,
                "result": {
                    "durchschnittliche_rendite": 0.18925360321367554,
                    "effektive_rendite": 0.15131412005747813,
                    "sharpe_ratio": 0.5294489966672425,
                    "max_drawdown": -0.6810643090895372,
                    "sigma_daily": 0.03614646418874009
                }
            },
            "performance_gap": -0.12497801470837278,
            "winner": "normal",
            "name": "AA-1 DG-0 freq_1 str KGV"
        }
    ]
}