{
    "avg_dispo_metrics": {
        "durchschnittliche_rendite": 0.22366430405033874,
        "effektive_rendite": 0.1732286560941365,
        "sharpe_ratio": 1.0031193201292696,
        "max_drawdown": -0.21163452154736034,
        "sigma_daily": 0.011786058983542685,
        "performance_gap": 0.015600028860450754,
        "winner_quote": 1.0
    },
    "avg_normal_metrics": {
        "durchschnittliche_rendite": 0.19896970856194213,
        "effektive_rendite": 0.15762862723368576,
        "sharpe_ratio": 0.6088809734650426,
        "max_drawdown": -0.4893878958586489,
        "sigma_daily": 0.020884004324864692,
        "performance_gap": -0.015600028860450754,
        "winner_quote": 0
    },
    "data": [
        {
            "start_year": 2020,
            "end_year": 2024,
            "normal_metrics": {
                "start_amount": 1000,
                "end_amount": 1795.8788342477685,
                "sigma_daily": 0.020884004324864692,
                "sharpe_ratio": 0.6088809734650426,
                "max_drawdown": -0.4893878958586489,
                "result": {
                    "durchschnittliche_rendite": 0.19896970856194213,
                    "effektive_rendite": 0.15762862723368576,
                    "sharpe_ratio": 0.6088809734650426,
                    "max_drawdown": -0.4893878958586489,
                    "sigma_daily": 0.020884004324864692
                }
            },
            "dispo_metrics": {
                "start_amount": 1000,
                "end_amount": 1894.657216201355,
                "sigma_daily": 0.011786058983542685,
                "sharpe_ratio": 1.0031193201292696,
                "max_drawdown": -0.21163452154736034,
                "result": {
                    "durchschnittliche_rendite": 0.22366430405033874,
                    "effektive_rendite": 0.1732286560941365,
                    "sharpe_ratio": 1.0031193201292696,
                    "max_drawdown": -0.21163452154736034,
                    "sigma_daily": 0.011786058983542685
                }
            },
            "performance_gap": 0.015600028860450754,
            "winner": "dispo",
            "name": "AA-20 DG-0 freq_1 str KGV"
        }
    ]
}