{
    "avg_dispo_metrics": {
        "durchschnittliche_rendite": 0.2889855397117015,
        "effektive_rendite": 0.0879393188229034,
        "sharpe_ratio": 5.330183420530338,
        "max_drawdown": -0.5971954921048702,
        "sigma_daily": 0.1547151908470125,
        "performance_gap": -0.018479293431369337,
        "winner_quote": 0.0
    },
    "avg_normal_metrics": {
        "durchschnittliche_rendite": 0.4612412608109656,
        "effektive_rendite": 0.10641861225427274,
        "sharpe_ratio": 6.1166194566783485,
        "max_drawdown": -0.6999348601646838,
        "sigma_daily": 0.16299510356072558,
        "performance_gap": 0.018479293431369337,
        "winner_quote": 1
    },
    "data": [
        {
            "start_year": 2000,
            "end_year": 2025,
            "normal_metrics": {
                "start_amount": 1000,
                "end_amount": 12531.03152027414,
                "sigma_daily": 0.16299510356072558,
                "sharpe_ratio": 6.1166194566783485,
                "max_drawdown": -0.6999348601646838,
                "result": {
                    "durchschnittliche_rendite": 0.4612412608109656,
                    "effektive_rendite": 0.10641861225427274,
                    "sharpe_ratio": 6.1166194566783485,
                    "max_drawdown": -0.6999348601646838,
                    "sigma_daily": 0.16299510356072558
                }
            },
            "dispo_metrics": {
                "start_amount": 1000,
                "end_amount": 8224.638492792537,
                "sigma_daily": 0.1547151908470125,
                "sharpe_ratio": 5.330183420530338,
                "max_drawdown": -0.5971954921048702,
                "result": {
                    "durchschnittliche_rendite": 0.2889855397117015,
                    "effektive_rendite": 0.0879393188229034,
                    "sharpe_ratio": 5.330183420530338,
                    "max_drawdown": -0.5971954921048702,
                    "sigma_daily": 0.1547151908470125
                }
            },
            "performance_gap": -0.018479293431369337,
            "winner": "normal",
            "name": "AA-20 DG-0 freq_120 str Momentum"
        }
    ]
}