{
    "avg_dispo_metrics": {
        "durchschnittliche_rendite": 0.4066308263641288,
        "effektive_rendite": 0.2730495703980924,
        "sharpe_ratio": 3.4440990530156017,
        "max_drawdown": -0.36338745683418794,
        "sigma_daily": 0.05713452239515871,
        "performance_gap": 0.013800656888819152,
        "winner_quote": 1.0
    },
    "avg_normal_metrics": {
        "durchschnittliche_rendite": 0.37861732749759436,
        "effektive_rendite": 0.25924891350927326,
        "sharpe_ratio": 4.074488503793537,
        "max_drawdown": -0.44781177512177683,
        "sigma_daily": 0.08637896239430835,
        "performance_gap": -0.013800656888819152,
        "winner_quote": 0
    },
    "data": [
        {
            "start_year": 2020,
            "end_year": 2024,
            "normal_metrics": {
                "start_amount": 1000,
                "end_amount": 2514.4693099903775,
                "sigma_daily": 0.08637896239430835,
                "sharpe_ratio": 4.074488503793537,
                "max_drawdown": -0.44781177512177683,
                "result": {
                    "durchschnittliche_rendite": 0.37861732749759436,
                    "effektive_rendite": 0.25924891350927326,
                    "sharpe_ratio": 4.074488503793537,
                    "max_drawdown": -0.44781177512177683,
                    "sigma_daily": 0.08637896239430835
                }
            },
            "dispo_metrics": {
                "start_amount": 1000,
                "end_amount": 2626.523305456515,
                "sigma_daily": 0.05713452239515871,
                "sharpe_ratio": 3.4440990530156017,
                "max_drawdown": -0.36338745683418794,
                "result": {
                    "durchschnittliche_rendite": 0.4066308263641288,
                    "effektive_rendite": 0.2730495703980924,
                    "sharpe_ratio": 3.4440990530156017,
                    "max_drawdown": -0.36338745683418794,
                    "sigma_daily": 0.05713452239515871
                }
            },
            "performance_gap": 0.013800656888819152,
            "winner": "dispo",
            "name": "AA-20 DG-0 freq_20 str Growth"
        }
    ]
}