{
    "avg_dispo_metrics": {
        "durchschnittliche_rendite": 0.4038839535967517,
        "effektive_rendite": 0.10105338943929176,
        "sharpe_ratio": 2.450179219995939,
        "max_drawdown": -0.6438437421775107,
        "sigma_daily": 0.05984260749803434,
        "performance_gap": -0.045486586415937724,
        "winner_quote": 0.0
    },
    "avg_normal_metrics": {
        "durchschnittliche_rendite": 1.1812091031797245,
        "effektive_rendite": 0.1465399758552295,
        "sharpe_ratio": 3.047538995456164,
        "max_drawdown": -0.7204329955322704,
        "sigma_daily": 0.06953407731728088,
        "performance_gap": 0.045486586415937724,
        "winner_quote": 1
    },
    "data": [
        {
            "start_year": 2000,
            "end_year": 2025,
            "normal_metrics": {
                "start_amount": 1000,
                "end_amount": 30530.227579493112,
                "sigma_daily": 0.06953407731728088,
                "sharpe_ratio": 3.047538995456164,
                "max_drawdown": -0.7204329955322704,
                "result": {
                    "durchschnittliche_rendite": 1.1812091031797245,
                    "effektive_rendite": 0.1465399758552295,
                    "sharpe_ratio": 3.047538995456164,
                    "max_drawdown": -0.7204329955322704,
                    "sigma_daily": 0.06953407731728088
                }
            },
            "dispo_metrics": {
                "start_amount": 1000,
                "end_amount": 11097.098839918794,
                "sigma_daily": 0.05984260749803434,
                "sharpe_ratio": 2.450179219995939,
                "max_drawdown": -0.6438437421775107,
                "result": {
                    "durchschnittliche_rendite": 0.4038839535967517,
                    "effektive_rendite": 0.10105338943929176,
                    "sharpe_ratio": 2.450179219995939,
                    "max_drawdown": -0.6438437421775107,
                    "sigma_daily": 0.05984260749803434
                }
            },
            "performance_gap": -0.045486586415937724,
            "winner": "normal",
            "name": "AA-20 DG-0 freq_20 str Momentum"
        }
    ]
}