{
    "avg_dispo_metrics": {
        "durchschnittliche_rendite": 0.4890939777867069,
        "effektive_rendite": 0.31126332267781587,
        "sharpe_ratio": 1.5523907214871384,
        "max_drawdown": -0.41126765181936187,
        "sigma_daily": 0.042313484287822355,
        "performance_gap": 0.0037989473792712225,
        "winner_quote": 1.0
    },
    "avg_normal_metrics": {
        "durchschnittliche_rendite": 0.48056601630433476,
        "effektive_rendite": 0.30746437529854465,
        "sharpe_ratio": 2.4185721892184873,
        "max_drawdown": -0.4169690050055942,
        "sigma_daily": 0.04045136553528196,
        "performance_gap": -0.0037989473792712225,
        "winner_quote": 0
    },
    "data": [
        {
            "start_year": 2020,
            "end_year": 2024,
            "normal_metrics": {
                "start_amount": 1000,
                "end_amount": 2922.264065217339,
                "sigma_daily": 0.04045136553528196,
                "sharpe_ratio": 2.4185721892184873,
                "max_drawdown": -0.4169690050055942,
                "result": {
                    "durchschnittliche_rendite": 0.48056601630433476,
                    "effektive_rendite": 0.30746437529854465,
                    "sharpe_ratio": 2.4185721892184873,
                    "max_drawdown": -0.4169690050055942,
                    "sigma_daily": 0.04045136553528196
                }
            },
            "dispo_metrics": {
                "start_amount": 1000,
                "end_amount": 2956.3759111468275,
                "sigma_daily": 0.042313484287822355,
                "sharpe_ratio": 1.5523907214871384,
                "max_drawdown": -0.41126765181936187,
                "result": {
                    "durchschnittliche_rendite": 0.4890939777867069,
                    "effektive_rendite": 0.31126332267781587,
                    "sharpe_ratio": 1.5523907214871384,
                    "max_drawdown": -0.41126765181936187,
                    "sigma_daily": 0.042313484287822355
                }
            },
            "performance_gap": 0.0037989473792712225,
            "winner": "dispo",
            "name": "AA-20 DG-0 freq_5 str Growth"
        }
    ]
}