{
    "avg_dispo_metrics": {
        "durchschnittliche_rendite": 0.8144397318951974,
        "effektive_rendite": 0.13027691545572884,
        "sharpe_ratio": 7.114010225034442,
        "max_drawdown": -0.4273574375967845,
        "sigma_daily": 0.16091378610757334,
        "performance_gap": -0.005720116368477024,
        "winner_quote": 0.0
    },
    "avg_normal_metrics": {
        "durchschnittliche_rendite": 0.9293707413527218,
        "effektive_rendite": 0.13599703182420586,
        "sharpe_ratio": 7.687134649999083,
        "max_drawdown": -0.595124451078564,
        "sigma_daily": 0.15471044876083587,
        "performance_gap": 0.005720116368477024,
        "winner_quote": 1
    },
    "data": [
        {
            "start_year": 2000,
            "end_year": 2025,
            "normal_metrics": {
                "start_amount": 1000,
                "end_amount": 24234.268533818045,
                "sigma_daily": 0.15471044876083587,
                "sharpe_ratio": 7.687134649999083,
                "max_drawdown": -0.595124451078564,
                "result": {
                    "durchschnittliche_rendite": 0.9293707413527218,
                    "effektive_rendite": 0.13599703182420586,
                    "sharpe_ratio": 7.687134649999083,
                    "max_drawdown": -0.595124451078564,
                    "sigma_daily": 0.15471044876083587
                }
            },
            "dispo_metrics": {
                "start_amount": 1000,
                "end_amount": 21360.993297379933,
                "sigma_daily": 0.16091378610757334,
                "sharpe_ratio": 7.114010225034442,
                "max_drawdown": -0.4273574375967845,
                "result": {
                    "durchschnittliche_rendite": 0.8144397318951974,
                    "effektive_rendite": 0.13027691545572884,
                    "sharpe_ratio": 7.114010225034442,
                    "max_drawdown": -0.4273574375967845,
                    "sigma_daily": 0.16091378610757334
                }
            },
            "performance_gap": -0.005720116368477024,
            "winner": "normal",
            "name": "AA-20 DG-0 freq_120 str Random"
        }
    ]
}