{
    "avg_dispo_metrics": {
        "durchschnittliche_rendite": 0.3712152361777986,
        "effektive_rendite": 0.2555254560410274,
        "sharpe_ratio": 3.1585987034800356,
        "max_drawdown": -0.6405951817589816,
        "sigma_daily": 0.14133006176129026,
        "performance_gap": 0.008033265894809682,
        "winner_quote": 1.0
    },
    "avg_normal_metrics": {
        "durchschnittliche_rendite": 0.355468216776532,
        "effektive_rendite": 0.2474921901462177,
        "sharpe_ratio": 3.148916839308133,
        "max_drawdown": -0.6405951817589816,
        "sigma_daily": 0.1410570092192694,
        "performance_gap": -0.008033265894809682,
        "winner_quote": 0
    },
    "data": [
        {
            "start_year": 2020,
            "end_year": 2024,
            "normal_metrics": {
                "start_amount": 1000,
                "end_amount": 2421.872867106128,
                "sigma_daily": 0.1410570092192694,
                "sharpe_ratio": 3.148916839308133,
                "max_drawdown": -0.6405951817589816,
                "result": {
                    "durchschnittliche_rendite": 0.355468216776532,
                    "effektive_rendite": 0.2474921901462177,
                    "sharpe_ratio": 3.148916839308133,
                    "max_drawdown": -0.6405951817589816,
                    "sigma_daily": 0.1410570092192694
                }
            },
            "dispo_metrics": {
                "start_amount": 1000,
                "end_amount": 2484.8609447111944,
                "sigma_daily": 0.14133006176129026,
                "sharpe_ratio": 3.1585987034800356,
                "max_drawdown": -0.6405951817589816,
                "result": {
                    "durchschnittliche_rendite": 0.3712152361777986,
                    "effektive_rendite": 0.2555254560410274,
                    "sharpe_ratio": 3.1585987034800356,
                    "max_drawdown": -0.6405951817589816,
                    "sigma_daily": 0.14133006176129026
                }
            },
            "performance_gap": 0.008033265894809682,
            "winner": "dispo",
            "name": "AA-1 DG-5 freq_20 str KGV"
        }
    ]
}