{
    "avg_dispo_metrics": {
        "durchschnittliche_rendite": 0.27017137707742395,
        "effektive_rendite": 0.2010237915435975,
        "sharpe_ratio": 1.9666170671681678,
        "max_drawdown": -0.26627888259991983,
        "sigma_daily": 0.034163678155612574,
        "performance_gap": -0.07746755948241568,
        "winner_quote": 0.0
    },
    "avg_normal_metrics": {
        "durchschnittliche_rendite": 0.41793036294403724,
        "effektive_rendite": 0.2784913510260132,
        "sharpe_ratio": 1.6475569744372847,
        "max_drawdown": -0.6540398723513469,
        "sigma_daily": 0.07115125549702941,
        "performance_gap": 0.07746755948241568,
        "winner_quote": 1
    },
    "data": [
        {
            "start_year": 2020,
            "end_year": 2024,
            "normal_metrics": {
                "start_amount": 1000,
                "end_amount": 2671.721451776149,
                "sigma_daily": 0.07115125549702941,
                "sharpe_ratio": 1.6475569744372847,
                "max_drawdown": -0.6540398723513469,
                "result": {
                    "durchschnittliche_rendite": 0.41793036294403724,
                    "effektive_rendite": 0.2784913510260132,
                    "sharpe_ratio": 1.6475569744372847,
                    "max_drawdown": -0.6540398723513469,
                    "sigma_daily": 0.07115125549702941
                }
            },
            "dispo_metrics": {
                "start_amount": 1000,
                "end_amount": 2080.6855083096957,
                "sigma_daily": 0.034163678155612574,
                "sharpe_ratio": 1.9666170671681678,
                "max_drawdown": -0.26627888259991983,
                "result": {
                    "durchschnittliche_rendite": 0.27017137707742395,
                    "effektive_rendite": 0.2010237915435975,
                    "sharpe_ratio": 1.9666170671681678,
                    "max_drawdown": -0.26627888259991983,
                    "sigma_daily": 0.034163678155612574
                }
            },
            "performance_gap": -0.07746755948241568,
            "winner": "normal",
            "name": "AA-1 DG-5 freq_5 str KGV"
        }
    ]
}