{
    "avg_dispo_metrics": {
        "durchschnittliche_rendite": 0.1689954429480694,
        "effektive_rendite": 0.1378036502514921,
        "sharpe_ratio": 1.8770170567624758,
        "max_drawdown": -0.24152069132819318,
        "sigma_daily": 0.02536805744227919,
        "performance_gap": -0.004258823915330501,
        "winner_quote": 0.0
    },
    "avg_normal_metrics": {
        "durchschnittliche_rendite": 0.17530398859026947,
        "effektive_rendite": 0.1420624741668226,
        "sharpe_ratio": 1.3155287952548207,
        "max_drawdown": -0.4702336141142591,
        "sigma_daily": 0.043298084831066286,
        "performance_gap": 0.004258823915330501,
        "winner_quote": 1
    },
    "data": [
        {
            "start_year": 2020,
            "end_year": 2024,
            "normal_metrics": {
                "start_amount": 1000,
                "end_amount": 1701.2159543610778,
                "sigma_daily": 0.043298084831066286,
                "sharpe_ratio": 1.3155287952548207,
                "max_drawdown": -0.4702336141142591,
                "result": {
                    "durchschnittliche_rendite": 0.17530398859026947,
                    "effektive_rendite": 0.1420624741668226,
                    "sharpe_ratio": 1.3155287952548207,
                    "max_drawdown": -0.4702336141142591,
                    "sigma_daily": 0.043298084831066286
                }
            },
            "dispo_metrics": {
                "start_amount": 1000,
                "end_amount": 1675.9817717922776,
                "sigma_daily": 0.02536805744227919,
                "sharpe_ratio": 1.8770170567624758,
                "max_drawdown": -0.24152069132819318,
                "result": {
                    "durchschnittliche_rendite": 0.1689954429480694,
                    "effektive_rendite": 0.1378036502514921,
                    "sharpe_ratio": 1.8770170567624758,
                    "max_drawdown": -0.24152069132819318,
                    "sigma_daily": 0.02536805744227919
                }
            },
            "performance_gap": -0.004258823915330501,
            "winner": "normal",
            "name": "AA-20 DG-2 freq_5 str KGV"
        }
    ]
}