{
    "avg_dispo_metrics": {
        "durchschnittliche_rendite": 0.2117065034592344,
        "effektive_rendite": 0.16575287667370486,
        "sharpe_ratio": 4.261289332123515,
        "max_drawdown": -0.16440067946195164,
        "sigma_daily": 0.04552049883447844,
        "performance_gap": 0.02877657767427233,
        "winner_quote": 1.0
    },
    "avg_normal_metrics": {
        "durchschnittliche_rendite": 0.16777808534185135,
        "effektive_rendite": 0.13697629899943253,
        "sharpe_ratio": 2.60857380900513,
        "max_drawdown": -0.4286211583411813,
        "sigma_daily": 0.08434401332332625,
        "performance_gap": -0.02877657767427233,
        "winner_quote": 0
    },
    "data": [
        {
            "start_year": 2020,
            "end_year": 2024,
            "normal_metrics": {
                "start_amount": 1000,
                "end_amount": 1671.1123413674054,
                "sigma_daily": 0.08434401332332625,
                "sharpe_ratio": 2.60857380900513,
                "max_drawdown": -0.4286211583411813,
                "result": {
                    "durchschnittliche_rendite": 0.16777808534185135,
                    "effektive_rendite": 0.13697629899943253,
                    "sharpe_ratio": 2.60857380900513,
                    "max_drawdown": -0.4286211583411813,
                    "sigma_daily": 0.08434401332332625
                }
            },
            "dispo_metrics": {
                "start_amount": 1000,
                "end_amount": 1846.8260138369376,
                "sigma_daily": 0.04552049883447844,
                "sharpe_ratio": 4.261289332123515,
                "max_drawdown": -0.16440067946195164,
                "result": {
                    "durchschnittliche_rendite": 0.2117065034592344,
                    "effektive_rendite": 0.16575287667370486,
                    "sharpe_ratio": 4.261289332123515,
                    "max_drawdown": -0.16440067946195164,
                    "sigma_daily": 0.04552049883447844
                }
            },
            "performance_gap": 0.02877657767427233,
            "winner": "dispo",
            "name": "AA-20 DG-2 freq_20 str KGV"
        }
    ]
}