{
    "avg_dispo_metrics": {
        "durchschnittliche_rendite": 0.1768960645643424,
        "effektive_rendite": 0.1431297715769826,
        "sharpe_ratio": 0.6036803808036945,
        "max_drawdown": -0.5083332075790258,
        "sigma_daily": 0.018900386663690018,
        "performance_gap": -0.02058152574436578,
        "winner_quote": 0.0
    },
    "avg_normal_metrics": {
        "durchschnittliche_rendite": 0.20848064938068164,
        "effektive_rendite": 0.16371129732134837,
        "sharpe_ratio": 0.5919066595371969,
        "max_drawdown": -0.5774062763704554,
        "sigma_daily": 0.023792209558839976,
        "performance_gap": 0.02058152574436578,
        "winner_quote": 1
    },
    "data": [
        {
            "start_year": 2020,
            "end_year": 2024,
            "normal_metrics": {
                "start_amount": 1000,
                "end_amount": 1833.9225975227266,
                "sigma_daily": 0.023792209558839976,
                "sharpe_ratio": 0.5919066595371969,
                "max_drawdown": -0.5774062763704554,
                "result": {
                    "durchschnittliche_rendite": 0.20848064938068164,
                    "effektive_rendite": 0.16371129732134837,
                    "sharpe_ratio": 0.5919066595371969,
                    "max_drawdown": -0.5774062763704554,
                    "sigma_daily": 0.023792209558839976
                }
            },
            "dispo_metrics": {
                "start_amount": 1000,
                "end_amount": 1707.5842582573696,
                "sigma_daily": 0.018900386663690018,
                "sharpe_ratio": 0.6036803808036945,
                "max_drawdown": -0.5083332075790258,
                "result": {
                    "durchschnittliche_rendite": 0.1768960645643424,
                    "effektive_rendite": 0.1431297715769826,
                    "sharpe_ratio": 0.6036803808036945,
                    "max_drawdown": -0.5083332075790258,
                    "sigma_daily": 0.018900386663690018
                }
            },
            "performance_gap": -0.02058152574436578,
            "winner": "normal",
            "name": "AA-10 DG-5 freq_1 str KGV"
        }
    ]
}