{
    "avg_dispo_metrics": {
        "durchschnittliche_rendite": 0.6090952423050766,
        "effektive_rendite": 0.36152407876273673,
        "sharpe_ratio": 4.4849028686764285,
        "max_drawdown": -0.4458274915386274,
        "sigma_daily": 0.08882230951259282,
        "performance_gap": 0.03234468974436022,
        "winner_quote": 1.0
    },
    "avg_normal_metrics": {
        "durchschnittliche_rendite": 0.5303229887793929,
        "effektive_rendite": 0.3291793890183765,
        "sharpe_ratio": 4.755899454564367,
        "max_drawdown": -0.37088968236410486,
        "sigma_daily": 0.08955941239949232,
        "performance_gap": -0.03234468974436022,
        "winner_quote": 0
    },
    "data": [
        {
            "start_year": 2020,
            "end_year": 2024,
            "normal_metrics": {
                "start_amount": 1000,
                "end_amount": 3121.2919551175714,
                "sigma_daily": 0.08955941239949232,
                "sharpe_ratio": 4.755899454564367,
                "max_drawdown": -0.37088968236410486,
                "result": {
                    "durchschnittliche_rendite": 0.5303229887793929,
                    "effektive_rendite": 0.3291793890183765,
                    "sharpe_ratio": 4.755899454564367,
                    "max_drawdown": -0.37088968236410486,
                    "sigma_daily": 0.08955941239949232
                }
            },
            "dispo_metrics": {
                "start_amount": 1000,
                "end_amount": 3436.3809692203063,
                "sigma_daily": 0.08882230951259282,
                "sharpe_ratio": 4.4849028686764285,
                "max_drawdown": -0.4458274915386274,
                "result": {
                    "durchschnittliche_rendite": 0.6090952423050766,
                    "effektive_rendite": 0.36152407876273673,
                    "sharpe_ratio": 4.4849028686764285,
                    "max_drawdown": -0.4458274915386274,
                    "sigma_daily": 0.08882230951259282
                }
            },
            "performance_gap": 0.03234468974436022,
            "winner": "dispo",
            "name": "AA-10 DG-5 freq_20 str Growth"
        }
    ]
}