{
    "avg_dispo_metrics": {
        "durchschnittliche_rendite": 1.494776317274162,
        "effektive_rendite": 0.6253613835012684,
        "sharpe_ratio": 1.2032990778149961,
        "max_drawdown": -0.6633509644008408,
        "sigma_daily": 0.03234394151679761,
        "performance_gap": 0.013100522023958838,
        "winner_quote": 1.0
    },
    "avg_normal_metrics": {
        "durchschnittliche_rendite": 1.4392007056169984,
        "effektive_rendite": 0.6122608614773095,
        "sharpe_ratio": 1.094382805612071,
        "max_drawdown": -0.6004425375114346,
        "sigma_daily": 0.0375868493546868,
        "performance_gap": -0.013100522023958838,
        "winner_quote": 0
    },
    "data": [
        {
            "start_year": 2020,
            "end_year": 2024,
            "normal_metrics": {
                "start_amount": 1000,
                "end_amount": 6756.802822467994,
                "sigma_daily": 0.0375868493546868,
                "sharpe_ratio": 1.094382805612071,
                "max_drawdown": -0.6004425375114346,
                "result": {
                    "durchschnittliche_rendite": 1.4392007056169984,
                    "effektive_rendite": 0.6122608614773095,
                    "sharpe_ratio": 1.094382805612071,
                    "max_drawdown": -0.6004425375114346,
                    "sigma_daily": 0.0375868493546868
                }
            },
            "dispo_metrics": {
                "start_amount": 1000,
                "end_amount": 6979.105269096648,
                "sigma_daily": 0.03234394151679761,
                "sharpe_ratio": 1.2032990778149961,
                "max_drawdown": -0.6633509644008408,
                "result": {
                    "durchschnittliche_rendite": 1.494776317274162,
                    "effektive_rendite": 0.6253613835012684,
                    "sharpe_ratio": 1.2032990778149961,
                    "max_drawdown": -0.6633509644008408,
                    "sigma_daily": 0.03234394151679761
                }
            },
            "performance_gap": 0.013100522023958838,
            "winner": "dispo",
            "name": "AA-1 DG-2 freq_1 str Growth"
        }
    ]
}